S_PIZZA_ORDER_KEY,S_PIZZA_ID,S_ORDER_ID,STARTTIMESTAMP,ENDTIMESTAMP,LATENCYMS
100_153,100,153,1763370215019,,
100_271,100,271,1763373667154,1763373689790,22636
100_604,100,604,1763371958133,1763371980276,22143
100_718,100,718,1763371177740,1763371200170,22430
101_604,101,604,1763371961838,1763371983390,21552
101_718,101,718,1763371180816,1763371202787,21971
102_604,102,604,1763371964342,1763371986109,21767
102_718,102,718,1763371184397,1763371205908,21511
103_604,103,604,1763371968050,1763371989310,21260
103_718,103,718,1763371186951,1763371209034,22083
104_604,104,604,1763371970550,1763371993033,22483
104_718,104,718,1763371190663,1763371212148,21485
105_604,105,604,1763371974265,1763371996148,21883
105_718,105,718,1763371193172,1763371215266,22094
106_604,106,604,1763371976788,1763371998660,21872
106_718,106,718,1763371196877,1763371218388,21511
107_604,107,604,1763371980509,1763372001873,21364
107_718,107,718,1763371199388,1763371221511,22123
108_604,108,604,1763371983010,1763372005592,22582
108_718,108,718,1763371203092,1763371224627,21535
109_604,109,604,1763371986709,1763372008103,21394
109_718,109,718,1763371205600,1763371227743,22143
10_153,10,153,1763369934173,1763369956221,22048
10_271,10,271,1763373387661,1763373410161,22500
10_308,10,308,1763369778910,1763369800966,22056
10_317,10,317,1763373232000,1763373254985,22985
10_604,10,604,1763371677024,1763371699620,22596
10_718,10,718,1763370897628,1763370919719,22091
110_604,110,604,1763371989246,1763372011317,22071
110_718,110,718,1763371209297,1763371230863,21566
111_604,111,604,1763371992915,1763372014436,21521
111_718,111,718,1763371211801,1763371233982,22181
112_604,112,604,1763371995408,1763372017553,22145
112_718,112,718,1763371215508,1763371237101,21593
113_604,113,604,1763371999116,1763372020665,21549
113_718,113,718,1763371218004,1763371240223,22219
114_604,114,604,1763372001610,1763372023782,22172
114_718,114,718,1763371221713,1763371243341,21628
115_604,115,604,1763372005312,1763372026899,21587
115_718,115,718,1763371224222,1763371246459,22237
116_604,116,604,1763372007821,1763372030017,22196
116_718,116,718,1763371227949,1763371249061,21112
117_604,117,604,1763372011527,1763372033133,21606
117_718,117,718,1763371230445,1763371252275,21830
118_604,118,604,1763372014030,1763372036246,22216
118_718,118,718,1763371234158,1763371255996,21838
119_604,119,604,1763372017745,1763372039362,21617
119_718,119,718,1763371236652,1763371258512,21860
11_153,11,153,1763369937879,1763369959340,21461
11_271,11,271,1763373391353,1763373413277,21924
11_308,11,308,1763369782641,1763369804086,21445
11_317,11,317,1763373235713,1763373257497,21784
11_604,11,604,1763371680740,1763371702773,22033
11_718,11,718,1763370901329,1763370922838,21509
120_604,120,604,1763372020241,1763372042479,22238
120_718,120,718,1763371240360,1763371261727,21367
121_604,121,604,1763372023951,1763372045085,21134
121_718,121,718,1763371242854,1763371265449,22595
122_604,122,604,1763372026453,1763372048296,21843
122_718,122,718,1763371246564,1763371267963,21399
123_604,123,604,1763372030163,1763372052016,21853
123_718,123,718,1763371249069,1763371271184,22115
124_604,124,604,1763372032660,1763372055132,22472
124_718,124,718,1763371252769,1763371274301,21532
125_604,125,604,1763372036367,1763372057742,21375
125_718,125,718,1763371255276,1763371277415,22139
126_604,126,604,1763372038872,1763372060860,21988
126_718,126,718,1763371258977,1763371280534,21557
127_604,127,604,1763372042581,1763372063981,21400
127_718,127,718,1763371261478,1763371283650,22172
128_604,128,604,1763372045085,1763372067099,22014
128_718,128,718,1763371265187,1763371286763,21576
129_604,129,604,1763372048793,1763372070216,21423
129_718,129,718,1763371267686,1763371289884,22198
12_153,12,153,1763369940379,1763369962459,22080
12_271,12,271,1763373393854,1763373415893,22039
12_308,12,308,1763369785124,1763369807203,22079
12_317,12,317,1763373238214,1763373260711,22497
12_604,12,604,1763371683255,1763371706604,23349
12_718,12,718,1763370903865,1763370925957,22092
130_604,130,604,1763372051297,1763372073334,22037
130_718,130,718,1763371271407,1763371293005,21598
131_604,131,604,1763372055007,1763372076447,21440
131_718,131,718,1763371273911,1763371296120,22209
132_604,132,604,1763372057503,1763372079563,22060
132_718,132,718,1763371277618,1763371299243,21625
133_604,133,604,1763372061211,1763372082684,21473
133_718,133,718,1763371280121,1763371301845,21724
134_604,134,604,1763372063714,1763372085800,22086
134_718,134,718,1763371283827,1763371305051,21224
135_604,135,604,1763372067426,1763372088918,21492
135_718,135,718,1763371286327,1763371308770,22443
136_604,136,604,1763372069937,1763372092036,22099
136_718,136,718,1763371290036,1763371311890,21854
137_604,137,604,1763372073645,1763372095153,21508
137_718,137,718,1763371292537,1763371314504,21967
138_604,138,604,1763372076139,1763372098268,22129
138_718,138,718,1763371296247,1763371317625,21378
139_604,139,604,1763372079846,1763372101388,21542
139_718,139,718,1763371298748,1763371320745,21997
13_153,13,153,1763369944093,1763369965577,21484
13_271,13,271,1763373397566,1763373419008,21442
13_308,13,308,1763369788820,1763369810326,21506
13_317,13,317,1763373241924,1763373263524,21600
13_604,13,604,1763371686955,1763371709720,22765
13_718,13,718,1763370907555,1763370929080,21525
140_604,140,604,1763372082346,1763372104503,22157
140_718,140,718,1763371302467,1763371323863,21396
141_604,141,604,1763372086053,1763372107621,21568
141_718,141,718,1763371304953,1763371326980,22027
142_604,142,604,1763372088553,1763372110736,22183
142_718,142,718,1763371308660,1763371330097,21437
143_604,143,604,1763372092269,1763372113854,21585
143_718,143,718,1763371311160,1763371333216,22056
144_604,144,604,1763372094761,1763372116973,22212
144_718,144,718,1763371314864,1763371336334,21470
145_604,145,604,1763372098478,1763372120089,21611
145_718,145,718,1763371317368,1763371339451,22083
146_604,146,604,1763372100983,1763372123205,22222
146_718,146,718,1763371321073,1763371342569,21496
147_604,147,604,1763372104685,1763372126323,21638
147_718,147,718,1763371323579,1763371345685,22106
148_604,148,604,1763372107196,1763372128927,21731
148_718,148,718,1763371327283,1763371348806,21523
149_604,149,604,1763372110712,1763372132139,21427
149_718,149,718,1763371329784,1763371351921,22137
14_153,14,153,1763369946595,1763369968692,22097
14_271,14,271,1763373400078,1763373422127,22049
14_308,14,308,1763369791316,1763369813448,22132
14_317,14,317,1763373244427,1763373266653,22226
14_604,14,604,1763371689458,1763371713442,23984
14_718,14,718,1763370910041,1763370932203,22162
150_604,150,604,1763372113402,1763372136669,23267
150_718,150,718,1763371333496,1763371355069,21573
151_604,151,604,1763372117114,1763372139269,22155
151_718,151,718,1763371336004,1763371358186,22182
152_604,152,604,1763372119619,1763372141790,22171
152_718,152,718,1763371339697,1763371361305,21608
153_604,153,604,1763372123326,1763372145003,21677
153_718,153,718,1763371342203,1763371364420,22217
154_604,154,604,1763372125826,1763372148726,22900
154_718,154,718,1763371345916,1763371367540,21624
155_604,155,604,1763372129534,1763372151845,22311
155_718,155,718,1763371348425,1763371370150,21725
156_604,156,604,1763372132037,1763372154454,22417
156_718,156,718,1763371352128,1763371373362,21234
157_604,157,604,1763372136760,1763372157566,20806
157_718,157,718,1763371354640,1763371377085,22445
158_604,158,604,1763372139644,1763372160679,21035
158_718,158,718,1763371358332,1763371380202,21870
159_604,159,604,1763372141773,1763372163791,22018
159_718,159,718,1763371360836,1763371382819,21983
15_153,15,153,1763369950304,1763369971810,21506
15_271,15,271,1763373403782,1763373425247,21465
15_308,15,308,1763369795021,1763369816565,21544
15_317,15,317,1763373248127,1763373270375,22248
15_604,15,604,1763371693160,1763371716561,23401
15_718,15,718,1763370913754,1763370935215,21461
160_604,160,604,1763372145470,1763372166906,21436
160_718,160,718,1763371364546,1763371385938,21392
161_604,161,604,1763372147984,1763372170020,22036
161_718,161,718,1763371367046,1763371389057,22011
162_604,162,604,1763372151688,1763372173136,21448
162_718,162,718,1763371370750,1763371392173,21423
163_604,163,604,1763372154175,1763372176255,22080
163_718,163,718,1763371373253,1763371395293,22040
164_604,164,604,1763372157888,1763372179033,21145
164_718,164,718,1763371376969,1763371398421,21452
165_604,165,604,1763372160386,1763372182239,21853
165_718,165,718,1763371379469,1763371401848,22379
166_604,166,604,1763372164102,1763372185961,21859
166_718,166,718,1763371383179,1763371405946,22767
167_604,167,604,1763372166597,1763372189079,22482
167_718,167,718,1763371385672,1763371409065,23393
168_604,168,604,1763372170315,1763372191696,21381
168_718,168,718,1763371389386,1763371412182,22796
169_604,169,604,1763372172817,1763372194811,21994
169_718,169,718,1763371391891,1763371415300,23409
16_153,16,153,1763369952806,1763369974933,22127
16_271,16,271,1763373406282,1763373428363,22081
16_308,16,308,1763369797530,1763369819687,22157
16_317,16,317,1763373250693,1763373273491,22798
16_604,16,604,1763371695664,1763371719074,23410
16_718,16,718,1763370916265,1763370938336,22071
170_604,170,604,1763372176528,1763372197927,21399
170_718,170,718,1763371395597,1763371418479,22882
171_604,171,604,1763372179028,1763372201044,22016
171_718,171,718,1763371398094,1763371421594,23500
172_604,172,604,1763372182743,1763372204158,21415
172_718,172,718,1763371402004,1763371424708,22704
173_604,173,604,1763372185238,1763372207275,22037
173_718,173,718,1763371404849,1763371427822,22973
174_604,174,604,1763372188951,1763372210392,21441
174_718,174,718,1763371408858,1763371430954,22096
175_604,175,604,1763372191449,1763372213553,22104
175_718,175,718,1763371412564,1763371434068,21504
176_604,176,604,1763372195156,1763372216667,21511
176_718,176,718,1763371415061,1763371437186,22125
177_604,177,604,1763372197658,1763372219786,22128
177_718,177,718,1763371418769,1763371440307,21538
178_604,178,604,1763372201366,1763372222900,21534
178_718,178,718,1763371421277,1763371443423,22146
179_604,179,604,1763372203866,1763372226017,22151
179_718,179,718,1763371424974,1763371446537,21563
17_153,17,153,1763369956533,1763369978049,21516
17_271,17,271,1763373409995,1763373431478,21483
17_308,17,308,1763369801234,1763369822809,21575
17_317,17,317,1763373254116,1763373276102,21986
17_604,17,604,1763371700745,1763371722805,22060
17_718,17,718,1763370919963,1763370941453,21490
180_604,180,604,1763372207577,1763372229129,21552
180_718,180,718,1763371427493,1763371449653,22160
181_604,181,604,1763372210228,1763372232244,22016
181_718,181,718,1763371431214,1763371452785,21571
182_604,182,604,1763372213928,1763372235359,21431
182_718,182,718,1763371433715,1763371455904,22189
183_604,183,604,1763372216350,1763372238474,22124
183_718,183,718,1763371437433,1763371459019,21586
184_604,184,604,1763372219996,1763372241596,21600
184_718,184,718,1763371439936,1763371462147,22211
185_604,185,604,1763372222502,1763372244708,22206
185_718,185,718,1763371443638,1763371465261,21623
186_604,186,604,1763372226209,1763372247823,21614
186_718,186,718,1763371446144,1763371468378,22234
187_604,187,604,1763372228703,1763372250939,22236
187_718,187,718,1763371449859,1763371470985,21126
188_604,188,604,1763372232419,1763372254056,21637
188_718,188,718,1763371452362,1763371474199,21837
189_604,189,604,1763372234914,1763372257170,22256
189_718,189,718,1763371456058,1763371477920,21862
18_153,18,153,1763369959032,1763369981164,22132
18_271,18,271,1763373412486,1763373434597,22111
18_308,18,308,1763369803727,1763369825934,22207
18_317,18,317,1763373257830,1763373279219,21389
18_604,18,604,1763371703219,1763371725920,22701
18_718,18,718,1763370922464,1763370944574,22110
190_604,190,604,1763372238619,1763372260289,21670
190_718,190,718,1763371458559,1763371480831,22272
191_604,191,604,1763372241156,1763372262897,21741
191_718,191,718,1763371462270,1763371483949,21679
192_604,192,604,1763372244863,1763372266105,21242
192_718,192,718,1763371464768,1763371486516,21748
193_604,193,604,1763372247378,1763372269825,22447
193_718,193,718,1763371468582,1763371489726,21144
194_604,194,604,1763372251079,1763372272939,21860
194_718,194,718,1763371470994,1763371493450,22456
195_604,195,604,1763372253576,1763372275558,21982
195_718,195,718,1763371474700,1763371496597,21897
196_604,196,604,1763372257286,1763372278674,21388
196_718,196,718,1763371477205,1763371499859,22654
197_604,197,604,1763372259799,1763372281791,21992
197_718,197,718,1763371480912,1763371502805,21893
198_604,198,604,1763372263509,1763372284921,21412
198_718,198,718,1763371483412,1763371506545,23133
199_604,199,604,1763372266005,1763372288037,22032
199_718,199,718,1763371487121,1763371509667,22546
19_153,19,153,1763369962741,1763369984282,21541
19_271,19,271,1763373416215,1763373437713,21498
19_308,19,308,1763369807481,1763369829053,21572
19_317,19,317,1763373260326,1763373282334,22008
19_604,19,604,1763371707099,1763371728438,21339
19_718,19,718,1763370926164,1763370947697,21533
1_153,1,153,1763369906832,1763369928008,21176
1_159,1,159,1763369181648,1763369197956,16308
1_271,1,271,1763373360303,1763373381912,21609
1_308,1,308,1763369759640,1763369773231,13591
1_317,1,317,1763373204683,1763373226202,21519
1_604,1,604,1763371649713,1763371671093,21380
1_718,1,718,1763370864910,1763370891686,26776
1_913,1,913,1763370217522,1763370869269,651747
1_965,1,965,1763369189188,1763369206909,17721
200_604,200,604,1763372269709,1763372291154,21445
200_718,200,718,1763371489629,1763371512787,23158
201_604,201,604,1763372272211,1763372294270,22059
201_718,201,718,1763371493321,1763371515909,22588
202_604,202,604,1763372275930,1763372297387,21457
202_718,202,718,1763371495823,1763371519026,23203
203_604,203,604,1763372278434,1763372300509,22075
203_718,203,718,1763371500770,1763371522144,21374
204_604,204,604,1763372282141,1763372303624,21483
204_718,204,718,1763371502927,1763371525280,22353
205_604,205,604,1763372284642,1763372306739,22097
205_718,205,718,1763371505620,1763371528398,22778
206_604,206,604,1763372288352,1763372309857,21505
206_718,206,718,1763371509321,1763371531519,22198
207_604,207,604,1763372290853,1763372312975,22122
207_718,207,718,1763371513026,1763371534635,21609
208_604,208,604,1763372294561,1763372316089,21528
208_718,208,718,1763371515534,1763371537753,22219
209_604,209,604,1763372297071,1763372319209,22138
209_718,209,718,1763371519239,1763371540869,21630
20_153,20,153,1763369965241,1763369987398,22157
20_271,20,271,1763373418700,1763373440827,22127
20_308,20,308,1763369809954,1763369832170,22216
20_317,20,317,1763373264042,1763373285447,21405
20_604,20,604,1763371709608,1763371731734,22126
20_718,20,718,1763370928671,1763370950821,22150
210_604,210,604,1763372300766,1763372322324,21558
210_718,210,718,1763371521741,1763371543480,21739
211_604,211,604,1763372303276,1763372325442,22166
211_718,211,718,1763371525496,1763371546690,21194
212_604,212,604,1763372306979,1763372328558,21579
212_718,212,718,1763371527950,1763371550412,22462
213_604,213,604,1763372309488,1763372331672,22184
213_718,213,718,1763371531678,1763371553526,21848
214_604,214,604,1763372313184,1763372334793,21609
214_718,214,718,1763371534164,1763371556140,21976
215_604,215,604,1763372315687,1763372337909,22222
215_718,215,718,1763371537873,1763371559253,21380
216_604,216,604,1763372319400,1763372340525,21125
216_718,216,718,1763371540370,1763371562370,22000
217_604,217,604,1763372321910,1763372343737,21827
217_718,217,718,1763371544081,1763371565484,21403
218_604,218,604,1763372325621,1763372346855,21234
218_718,218,718,1763371546588,1763371568600,22012
219_604,219,604,1763372328115,1763372350574,22459
219_718,219,718,1763371550295,1763371571719,21424
21_153,21,153,1763369968954,1763369990513,21559
21_271,21,271,1763373422403,1763373443940,21537
21_308,21,308,1763369813652,1763369834783,21131
21_317,21,317,1763373266547,1763373288563,22016
21_604,21,604,1763371713320,1763371734914,21594
21_718,21,718,1763370932370,1763370953968,21598
220_604,220,604,1763372331822,1763372353694,21872
220_718,220,718,1763371552791,1763371574833,22042
221_604,221,604,1763372334319,1763372356315,21996
221_718,221,718,1763371556497,1763371577951,21454
222_604,222,604,1763372338026,1763372359480,21454
222_718,222,718,1763371559007,1763371581069,22062
223_604,223,604,1763372340528,1763372362606,22078
223_718,223,718,1763371562716,1763371584185,21469
224_604,224,604,1763372344232,1763372365718,21486
224_718,224,718,1763371565214,1763371587304,22090
225_604,225,604,1763372346730,1763372368831,22101
225_718,225,718,1763371568925,1763371590425,21500
226_604,226,604,1763372350439,1763372371944,21505
226_718,226,718,1763371571439,1763371593544,22105
227_604,227,604,1763372352959,1763372375062,22103
227_718,227,718,1763371575143,1763371596670,21527
228_604,228,604,1763372356666,1763372378179,21513
228_718,228,718,1763371577635,1763371599784,22149
229_604,229,604,1763372359167,1763372381293,22126
229_718,229,718,1763371581417,1763371602910,21493
22_153,22,153,1763369971448,1763369993635,22187
22_271,22,271,1763373424913,1763373447052,22139
22_308,22,308,1763369816145,1763369837993,21848
22_317,22,317,1763373270259,1763373291680,21421
22_604,22,604,1763371715812,1763371738031,22219
22_718,22,718,1763370934876,1763370957095,22219
230_604,230,604,1763372362869,1763372384411,21542
230_718,230,718,1763371583856,1763371606025,22169
231_604,231,604,1763372365361,1763372387527,22166
231_718,231,718,1763371587560,1763371609138,21578
232_604,232,604,1763372369073,1763372390644,21571
232_718,232,718,1763371590070,1763371612256,22186
233_604,233,604,1763372371573,1763372393761,22188
233_718,233,718,1763371593772,1763371615372,21600
234_604,234,604,1763372375294,1763372396877,21583
234_718,234,718,1763371596269,1763371618041,21772
235_604,235,604,1763372377802,1763372399994,22192
235_718,235,718,1763371599972,1763371621219,21247
236_604,236,604,1763372381510,1763372403106,21596
236_718,236,718,1763371602476,1763371624937,22461
237_604,237,604,1763372384018,1763372406218,22200
237_718,237,718,1763371606182,1763371628052,21870
238_604,238,604,1763372387726,1763372409337,21611
238_718,238,718,1763371608690,1763371630666,21976
239_604,239,604,1763372390232,1763372412453,22221
239_718,239,718,1763371612392,1763371633788,21396
23_153,23,153,1763369975158,1763369996751,21593
23_271,23,271,1763373428625,1763373450169,21544
23_308,23,308,1763369819885,1763369841712,21827
23_317,23,317,1763373272757,1763373294795,22038
23_604,23,604,1763371719521,1763371741145,21624
23_718,23,718,1763370938586,1763370959712,21126
240_604,240,604,1763372393934,1763372415059,21125
240_718,240,718,1763371615040,1763371636903,21863
241_604,241,604,1763372396441,1763372418271,21830
241_718,241,718,1763371618676,1763371640023,21347
242_604,242,604,1763372400147,1763372421388,21241
242_718,242,718,1763371621110,1763371643138,22028
243_604,243,604,1763372402638,1763372425104,22466
243_718,243,718,1763371624815,1763371646254,21439
244_604,244,604,1763372406340,1763372428218,21878
244_718,244,718,1763371627322,1763371649074,21752
245_604,245,604,1763372408843,1763372430832,21989
245_718,245,718,1763371631040,1763371652294,21254
246_604,246,604,1763372412554,1763372433948,21394
246_718,246,718,1763371633541,1763371656012,22471
247_604,247,604,1763372415075,1763372437064,21989
247_718,247,718,1763371637253,1763371659127,21874
248_604,248,604,1763372418907,1763372440180,21273
248_718,248,718,1763371639767,1763371661644,21877
249_604,249,604,1763372421266,1763372443294,22028
249_718,249,718,1763371643461,1763371664855,21394
24_153,24,153,1763369977662,1763369999870,22208
24_271,24,271,1763373431117,1763373453287,22170
24_308,24,308,1763369822367,1763369844845,22478
24_317,24,317,1763373276456,1763373297910,21454
24_604,24,604,1763371722052,1763371744260,22208
24_718,24,718,1763370941086,1763370963434,22348
250_604,250,604,1763372424975,1763372446413,21438
250_718,250,718,1763371645967,1763371668578,22611
251_604,251,604,1763372427474,1763372449531,22057
252_604,252,604,1763372431183,1763372452648,21465
253_604,253,604,1763372433692,1763372455769,22077
254_604,254,604,1763372437414,1763372458886,21472
255_604,255,604,1763372439911,1763372462000,22089
256_604,256,604,1763372443609,1763372465117,21508
257_604,257,604,1763372446115,1763372468230,22115
258_604,258,604,1763372449833,1763372471347,21514
259_604,259,604,1763372452327,1763372474465,22138
25_153,25,153,1763369981369,1763370002986,21617
25_271,25,271,1763373434827,1763373456405,21578
25_308,25,308,1763369826085,1763369847439,21354
25_317,25,317,1763373278960,1763373301027,22067
25_604,25,604,1763371725735,1763371747377,21642
25_718,25,718,1763370944799,1763370966552,21753
260_604,260,604,1763372456029,1763372477588,21559
261_604,261,604,1763372458529,1763372480706,22177
262_604,262,604,1763372462238,1763372483825,21587
263_604,263,604,1763372464746,1763372486939,22193
264_604,264,604,1763372468460,1763372489617,21157
265_604,265,604,1763372470974,1763372492815,21841
266_604,266,604,1763372474690,1763372496535,21845
267_604,267,604,1763372477189,1763372499652,22463
268_604,268,604,1763372480894,1763372502269,21375
269_604,269,604,1763372483405,1763372505392,21987
26_153,26,153,1763369983870,1763370006102,22232
26_271,26,271,1763373437386,1763373459520,22134
26_308,26,308,1763369828576,1763369850556,21980
26_317,26,317,1763373282663,1763373304143,21480
26_604,26,604,1763371728233,1763371749977,21744
26_718,26,718,1763370947299,1763370969165,21866
270_604,270,604,1763372487114,1763372508404,21290
271_604,271,604,1763372489616,1763372511530,21914
272_604,272,604,1763372493319,1763372515255,21936
273_604,273,604,1763372495817,1763372518375,22558
274_604,274,604,1763372499526,1763372520992,21466
275_604,275,604,1763372502031,1763372524118,22087
276_604,276,604,1763372505746,1763372527233,21487
277_604,277,604,1763372508247,1763372530353,22106
278_604,278,604,1763372511947,1763372533475,21528
279_604,279,604,1763372514455,1763372536601,22146
27_153,27,153,1763369987579,1763370008715,21136
27_271,27,271,1763373441071,1763373462635,21564
27_308,27,308,1763369832293,1763369853677,21384
27_317,27,317,1763373285175,1763373307260,22085
27_604,27,604,1763371731979,1763371753189,21210
27_718,27,718,1763370951009,1763370972290,21281
280_604,280,604,1763372518168,1763372539721,21553
281_604,281,604,1763372520677,1763372542839,22162
282_604,282,604,1763372524387,1763372545955,21568
283_604,283,604,1763372526888,1763372548619,21731
284_604,284,604,1763372530596,1763372551829,21233
285_604,285,604,1763372533097,1763372555551,22454
286_604,286,604,1763372536808,1763372558458,21650
287_604,287,604,1763372539312,1763372561574,22262
288_604,288,604,1763372543023,1763372564142,21119
289_604,289,604,1763372545518,1763372567385,21867
28_153,28,153,1763369990085,1763370011924,21839
28_271,28,271,1763373443535,1763373465749,22214
28_308,28,308,1763369834784,1763369856802,22018
28_317,28,317,1763373288875,1763373310376,21501
28_604,28,604,1763371734490,1763371756916,22426
28_718,28,718,1763370953538,1763370976013,22475
290_604,290,604,1763372549216,1763372571158,21942
291_604,291,604,1763372551720,1763372573675,21955
292_604,292,604,1763372555427,1763372576828,21401
293_604,293,604,1763372557931,1763372579948,22017
294_604,294,604,1763372561637,1763372583063,21426
295_604,295,604,1763372564137,1763372586322,22185
296_604,296,604,1763372567857,1763372589441,21584
297_604,297,604,1763372570487,1763372592562,22075
298_604,298,604,1763372574676,1763372595695,21019
299_604,299,604,1763372576861,1763372598813,21952
29_153,29,153,1763369993791,1763370015646,21855
29_271,29,271,1763373447236,1763373468869,21633
29_308,29,308,1763369838495,1763369859919,21424
29_317,29,317,1763373291791,1763373313491,21700
29_604,29,604,1763371738170,1763371760037,21867
29_718,29,718,1763370957212,1763370979131,21919
2_153,2,153,1763369909332,1763369931176,21844
2_159,2,159,1763369185748,1763369201241,15493
2_271,2,271,1763373362800,1763373385027,22227
2_308,2,308,1763369760812,1763369775819,15007
2_317,2,317,1763373207164,1763373229316,22152
2_604,2,604,1763371652190,1763371674309,22119
2_718,2,718,1763370880512,1763370894746,14234
2_913,2,913,1763370322852,,
2_965,2,965,1763369190870,1763369210994,20124
300_604,300,604,1763372580373,1763372601943,21570
301_604,301,604,1763372582785,1763372604532,21747
302_604,302,604,1763372586536,1763372607745,21209
303_604,303,604,1763372588994,1763372611466,22472
304_604,304,604,1763372592736,1763372614583,21847
305_604,305,604,1763372595228,1763372617094,21866
306_604,306,604,1763372598935,1763372620315,21380
307_604,307,604,1763372601423,1763372624036,22613
308_604,308,604,1763372605137,1763372626551,21414
309_604,309,604,1763372607642,1763372629767,22125
30_153,30,153,1763369996292,1763370018767,22475
30_271,30,271,1763373449741,1763373471483,21742
30_308,30,308,1763369841002,1763369863045,22043
30_317,30,317,1763373294491,1763373316606,22115
30_604,30,604,1763371740659,1763371762550,21891
30_718,30,718,1763370959713,1763370981648,21935
310_604,310,604,1763372611345,1763372632879,21534
311_604,311,604,1763372614024,1763372635995,21971
312_604,312,604,1763372617616,1763372639109,21493
313_604,313,604,1763372620067,1763372642225,22158
314_604,314,604,1763372623793,1763372645346,21553
315_604,315,604,1763372626284,1763372648461,22177
316_604,316,604,1763372629982,1763372651577,21595
317_604,317,604,1763372632481,1763372654692,22211
318_604,318,604,1763372636190,1763372657807,21617
319_604,319,604,1763372638686,1763372660922,22236
31_153,31,153,1763369999999,1763370021374,21375
31_271,31,271,1763373453455,1763373474690,21235
31_308,31,308,1763369844765,1763369866162,21397
31_317,31,317,1763373298195,1763373319723,21528
31_604,31,604,1763371744382,1763371765770,21388
31_718,31,718,1763370963420,1763370984865,21445
320_604,320,604,1763372642397,1763372663531,21134
321_604,321,604,1763372644897,1763372666742,21845
322_604,322,604,1763372648607,1763372670757,22150
323_604,323,604,1763372651106,1763372673273,22167
324_604,324,604,1763372654820,1763372676484,21664
325_604,325,604,1763372657320,1763372679056,21736
326_604,326,604,1763372661026,1763372682262,21236
327_604,327,604,1763372663530,1763372685980,22450
328_604,328,604,1763372667239,1763372689098,21859
329_604,329,604,1763372669748,1763372691717,21969
32_153,32,153,1763370002498,1763370024497,21999
32_271,32,271,1763373455956,1763373478411,22455
32_308,32,308,1763369847218,1763369869278,22060
32_317,32,317,1763373300696,1763373322832,22136
32_604,32,604,1763371746870,1763371769495,22625
32_718,32,718,1763370965924,1763370987989,22065
330_604,330,604,1763372673449,1763372694830,21381
331_604,331,604,1763372675948,1763372697946,21998
332_604,332,604,1763372679657,1763372701063,21406
333_604,333,604,1763372682161,1763372704178,22017
334_604,334,604,1763372685866,1763372707297,21431
335_604,335,604,1763372688366,1763372710415,22049
336_604,336,604,1763372692073,1763372713533,21460
337_604,337,604,1763372694597,1763372716653,22056
338_604,338,604,1763372698301,1763372719778,21477
339_604,339,604,1763372700805,1763372722784,21979
33_153,33,153,1763370006209,1763370027612,21403
33_271,33,271,1763373459658,1763373481528,21870
33_308,33,308,1763369850940,1763369872396,21456
33_317,33,317,1763373304405,1763373325947,21542
33_604,33,604,1763371750588,1763371772009,21421
33_718,33,718,1763370969632,1763370991109,21477
340_604,340,604,1763372704513,1763372725909,21396
341_604,341,604,1763372707022,1763372729027,22005
342_604,342,604,1763372710735,1763372732203,21468
343_604,343,604,1763372713234,1763372735324,22090
344_604,344,604,1763372716937,1763372738439,21502
345_604,345,604,1763372719434,1763372741555,22121
346_604,346,604,1763372723144,1763372744667,21523
347_604,347,604,1763372725646,1763372747780,22134
348_604,348,604,1763372729370,1763372750900,21530
349_604,349,604,1763372731880,1763372754012,22132
34_153,34,153,1763370008713,1763370030729,22016
34_271,34,271,1763373462165,1763373484143,21978
34_308,34,308,1763369853429,1763369875512,22083
34_317,34,317,1763373306909,1763373329086,22177
34_604,34,604,1763371753086,1763371775231,22145
34_718,34,718,1763370972144,1763370994234,22090
350_604,350,604,1763372735571,1763372757129,21558
351_604,351,604,1763372738076,1763372760390,22314
352_604,352,604,1763372741781,1763372762918,21137
353_604,353,604,1763372744276,1763372766633,22357
354_604,354,604,1763372747988,1763372769749,21761
355_604,355,604,1763372750493,1763372772359,21866
356_604,356,604,1763372754202,1763372776080,21878
357_604,357,604,1763372756701,1763372779199,22498
358_604,358,604,1763372760528,1763372781812,21284
359_604,359,604,1763372762930,1763372784931,22001
35_153,35,153,1763370012422,1763370033849,21427
35_271,35,271,1763373465876,1763373487261,21385
35_308,35,308,1763369857160,1763369878631,21471
35_317,35,317,1763373310620,1763373332202,21582
35_604,35,604,1763371756822,1763371778345,21523
35_718,35,718,1763370975848,1763370997348,21500
360_604,360,604,1763372766618,1763372788043,21425
361_604,361,604,1763372769121,1763372791159,22038
362_604,362,604,1763372772829,1763372794274,21445
363_604,363,604,1763372775326,1763372797387,22061
364_604,364,604,1763372779045,1763372800499,21454
365_604,365,604,1763372781544,1763372803614,22070
366_604,366,604,1763372785246,1763372806732,21486
367_604,367,604,1763372787749,1763372809844,22095
368_604,368,604,1763372791463,1763372812962,21499
369_604,369,604,1763372794398,1763372816080,21682
36_153,36,153,1763370014918,1763370036970,22052
36_271,36,271,1763373468379,1763373490378,21999
36_308,36,308,1763369859660,1763369881751,22091
36_317,36,317,1763373313122,1763373335316,22194
36_604,36,604,1763371759293,1763371781458,22165
36_718,36,718,1763370978362,1763371000466,22104
370_604,370,604,1763372797062,1763372819197,22135
371_604,371,604,1763372800772,1763372822310,21538
372_604,372,604,1763372803272,1763372825425,22153
373_604,373,604,1763372806983,1763372828539,21556
374_604,374,604,1763372809487,1763372831653,22166
375_604,375,604,1763372813190,1763372834769,21579
376_604,376,604,1763372815700,1763372837885,22185
377_604,377,604,1763372819407,1763372840997,21590
378_604,378,604,1763372821905,1763372844114,22209
379_604,379,604,1763372825612,1763372847231,21619
37_153,37,153,1763370018627,1763370040087,21460
37_271,37,271,1763373472082,1763373493494,21412
37_308,37,308,1763369863370,1763369884868,21498
37_317,37,317,1763373316831,1763373338431,21600
37_604,37,604,1763371763001,1763371784572,21571
37_718,37,718,1763370982053,1763371003580,21527
380_604,380,604,1763372828116,1763372850350,22234
381_604,381,604,1763372831822,1763372852957,21135
382_604,382,604,1763372834328,1763372856168,21840
383_604,383,604,1763372838035,1763372859884,21849
384_604,384,604,1763372840534,1763372863002,22468
385_604,385,604,1763372844244,1763372865616,21372
386_604,386,604,1763372846755,1763372868734,21979
387_604,387,604,1763372850463,1763372871852,21389
388_604,388,604,1763372852956,1763372874967,22011
389_604,389,604,1763372856661,1763372878081,21420
38_153,38,153,1763370021127,1763370043206,22079
38_271,38,271,1763373474586,1763373496611,22025
38_308,38,308,1763369865873,1763369887989,22116
38_317,38,317,1763373319335,1763373341546,22211
38_604,38,604,1763371765506,1763371787688,22182
38_718,38,718,1763370984559,1763371006702,22143
390_604,390,604,1763372859162,1763372881192,22030
391_604,391,604,1763372862870,1763372884309,21439
392_604,392,604,1763372865426,1763372887428,22002
393_604,393,604,1763372869089,1763372890544,21455
394_604,394,604,1763372871588,1763372893658,22070
395_604,395,604,1763372875301,1763372896788,21487
396_604,396,604,1763372877806,1763372899909,22103
397_604,397,604,1763372881512,1763372903039,21527
398_604,398,604,1763372884031,1763372906160,22129
399_604,399,604,1763372887736,1763372909274,21538
39_153,39,153,1763370024839,1763370046323,21484
39_271,39,271,1763373478293,1763373499728,21435
39_308,39,308,1763369869578,1763369891108,21530
39_317,39,317,1763373323042,1763373344661,21619
39_604,39,604,1763371769227,1763371790804,21577
39_718,39,718,1763370988275,1763371009819,21544
3_153,3,153,1763369912854,1763369934894,22040
3_159,3,159,1763369187643,1763369204366,16723
3_271,3,271,1763373366511,1763373388141,21630
3_308,3,308,1763369762484,1763369779539,17055
3_317,3,317,1763373210873,1763373232434,21561
3_604,3,604,1763371655911,1763371677427,21516
3_718,3,718,1763370882308,1763370897870,15562
3_913,3,913,1763370325147,,
3_965,3,965,1763369193280,1763369213512,20232
400_604,400,604,1763372890220,1763372912387,22167
401_604,401,604,1763372893927,1763372915513,21586
402_604,402,604,1763372896459,1763372918631,22172
403_604,403,604,1763372900151,1763372921744,21593
404_604,404,604,1763372902688,1763372924859,22171
405_604,405,604,1763372906359,1763372927973,21614
406_604,406,604,1763372908870,1763372931086,22216
407_604,407,604,1763372912569,1763372934202,21633
408_604,408,604,1763372915082,1763372936814,21732
409_604,409,604,1763372918787,1763372940033,21246
40_153,40,153,1763370027331,1763370049441,22110
40_271,40,271,1763373480795,1763373502847,22052
40_308,40,308,1763369872080,1763369894230,22150
40_317,40,317,1763373325546,1763373347775,22229
40_604,40,604,1763371771729,1763371793923,22194
40_718,40,718,1763370990771,1763371012937,22166
410_604,410,604,1763372921284,1763372943755,22471
411_604,411,604,1763372924991,1763372946873,21882
412_604,412,604,1763372927494,1763372949487,21993
413_604,413,604,1763372931202,1763372952603,21401
414_604,414,604,1763372933717,1763372955724,22007
415_604,415,604,1763372937430,1763372958838,21408
416_604,416,604,1763372939930,1763372961966,22036
417_604,417,604,1763372943644,1763372965078,21434
418_604,418,604,1763372946147,1763372969195,23048
419_604,419,604,1763372949854,1763372971705,21851
41_153,41,153,1763370031053,1763370052562,21509
41_271,41,271,1763373484507,1763373505968,21461
41_308,41,308,1763369875785,1763369897346,21561
41_317,41,317,1763373329245,1763373350383,21138
41_604,41,604,1763371775430,1763371797040,21610
41_718,41,718,1763370994463,1763371016056,21593
420_604,420,604,1763372952347,1763372975424,23077
421_604,421,604,1763372956052,1763372977434,21382
422_604,422,604,1763372958553,1763372980552,21999
423_604,423,604,1763372962336,1763372984273,21937
424_604,424,604,1763372964785,1763372987424,22639
425_604,425,604,1763372968597,1763372990005,21408
426_604,426,604,1763372971106,1763372993212,22106
427_604,427,604,1763372974810,1763372996326,21516
428_604,428,604,1763372977313,1763372999440,22127
429_604,429,604,1763372981029,1763373002553,21524
42_153,42,153,1763370033556,1763370055680,22124
42_271,42,271,1763373487013,1763373509083,22070
42_308,42,308,1763369878288,1763369900464,22176
42_317,42,317,1763373331768,1763373353586,21818
42_604,42,604,1763371777923,1763371800154,22231
42_718,42,718,1763370996972,1763371019171,22199
430_604,430,604,1763372983531,1763373005668,22137
431_604,431,604,1763372987262,1763373008783,21521
432_604,432,604,1763372989770,1763373011898,22128
433_604,433,604,1763372993465,1763373015011,21546
434_604,434,604,1763372995987,1763373018129,22142
435_604,435,604,1763372999673,1763373021252,21579
436_604,436,604,1763373002180,1763373024368,22188
437_604,437,604,1763373005886,1763373027380,21494
438_604,438,604,1763373008389,1763373030496,22107
439_604,439,604,1763373012102,1763373033612,21510
43_153,43,153,1763370037258,1763370058796,21538
43_271,43,271,1763373490715,1763373511850,21135
43_308,43,308,1763369881998,1763369903582,21584
43_317,43,317,1763373335451,1763373356704,21253
43_604,43,604,1763371781635,1763371803271,21636
43_718,43,718,1763371000685,1763371022289,21604
440_604,440,604,1763373014615,1763373036729,22114
441_604,441,604,1763373018331,1763373039845,21514
442_604,442,604,1763373020843,1763373042987,22144
443_604,443,604,1763373024538,1763373046104,21566
444_604,444,604,1763373027035,1763373049220,22185
445_604,445,604,1763373030744,1763373052337,21593
446_604,446,604,1763373033255,1763373055450,22195
447_604,447,604,1763373036966,1763373058564,21598
448_604,448,604,1763373039473,1763373061679,22206
449_604,449,604,1763373043184,1763373064794,21610
44_153,44,153,1763370039760,1763370061914,22154
44_271,44,271,1763373493223,1763373515058,21835
44_308,44,308,1763369884496,1763369906705,22209
44_317,44,317,1763373337961,1763373360428,22467
44_604,44,604,1763371784141,1763371805875,21734
44_718,44,718,1763371003183,1763371025412,22229
450_604,450,604,1763373045682,1763373067910,22228
451_604,451,604,1763373049385,1763373070519,21134
452_604,452,604,1763373051888,1763373073743,21855
453_604,453,604,1763373055595,1763373076877,21282
454_604,454,604,1763373058098,1763373079998,21900
455_604,455,604,1763373061806,1763373083717,21911
456_604,456,604,1763373064312,1763373086236,21924
457_604,457,604,1763373068016,1763373089353,21337
458_604,458,604,1763373070582,1763373093073,22491
459_604,459,604,1763373074250,1763373095588,21338
45_153,45,153,1763370043470,1763370065036,21566
45_271,45,271,1763373496931,1763373518775,21844
45_308,45,308,1763369888209,1763369909822,21613
45_317,45,317,1763373341664,1763373363543,21879
45_604,45,604,1763371787844,1763371809084,21240
45_718,45,718,1763371006904,1763371028025,21121
460_604,460,604,1763373076784,1763373098800,22016
461_604,461,604,1763373080441,1763373101920,21479
462_604,462,604,1763373082949,1763373105042,22093
463_604,463,604,1763373086672,1763373108367,21695
464_604,464,604,1763373089165,1763373110912,21747
465_604,465,604,1763373092871,1763373114633,21762
466_604,466,604,1763373095363,1763373117746,22383
467_604,467,604,1763373099073,1763373120259,21186
468_604,468,604,1763373101622,1763373123980,22358
469_604,469,604,1763373105294,1763373127098,21804
46_153,46,153,1763370045970,1763370068152,22182
46_271,46,271,1763373499436,1763373521895,22459
46_308,46,308,1763369890705,1763369912944,22239
46_317,46,317,1763373344173,1763373366157,21984
46_604,46,604,1763371790352,1763371812894,22542
46_718,46,718,1763371009402,1763371031238,21836
470_604,470,604,1763373107964,1763373130214,22250
471_604,471,604,1763373111574,1763373132726,21152
472_604,472,604,1763373114011,1763373135941,21930
473_604,473,604,1763373117713,1763373139659,21946
474_604,474,604,1763373120230,1763373142175,21945
475_604,475,604,1763373123926,1763373145395,21469
476_604,476,604,1763373126434,1763373148306,21872
477_604,477,604,1763373130142,1763373151528,21386
478_604,478,604,1763373132640,1763373155246,22606
479_604,479,604,1763373136348,1763373157761,21413
47_153,47,153,1763370049675,1763370071266,21591
47_271,47,271,1763373503130,1763373524510,21380
47_308,47,308,1763369894417,1763369915544,21127
47_317,47,317,1763373347876,1763373369276,21400
47_604,47,604,1763371794057,1763371815404,21347
47_718,47,718,1763371013111,1763371034964,21853
480_604,480,604,1763373138850,1763373160974,22124
481_604,481,604,1763373142559,1763373164093,21534
482_604,482,604,1763373145058,1763373167213,22155
483_604,483,604,1763373148774,1763373169902,21128
484_604,484,604,1763373151266,1763373173103,21837
485_604,485,604,1763373154977,1763373176819,21842
486_604,486,604,1763373157475,1763373179932,22457
487_604,487,604,1763373161203,1763373182544,21341
488_604,488,604,1763373163701,1763373185662,21961
489_604,489,604,1763373167400,1763373188780,21380
48_153,48,153,1763370052191,1763370074387,22196
48_271,48,271,1763373505627,1763373527629,22002
48_308,48,308,1763369896918,1763369918755,21837
48_317,48,317,1763373350387,1763373372391,22004
48_604,48,604,1763371796560,1763371818624,22064
48_718,48,718,1763371015617,1763371038082,22465
490_604,490,604,1763373169900,1763373191902,22002
491_604,491,604,1763373173600,1763373195017,21417
492_604,492,604,1763373176106,1763373198131,22025
493_604,493,604,1763373179810,1763373201245,21435
494_604,494,604,1763373182320,1763373204359,22039
495_604,495,604,1763373186031,1763373207473,21442
496_604,496,604,1763373188531,1763373210589,22058
497_604,497,604,1763373192236,1763373213703,21467
498_604,498,604,1763373194744,1763373216818,22074
499_604,499,604,1763373198449,1763373219933,21484
49_153,49,153,1763370055889,1763370077505,21616
49_271,49,271,1763373509339,1763373530744,21405
49_308,49,308,1763369900623,1763369922478,21855
49_317,49,317,1763373354090,1763373375683,21593
49_604,49,604,1763371800267,1763371822343,22076
49_718,49,718,1763371019327,1763371040700,21373
4_153,4,153,1763369915554,1763369938012,22458
4_271,4,271,1763373369013,1763373390755,21742
4_308,4,308,1763369764240,1763369782654,18414
4_317,4,317,1763373213389,1763373235550,22161
4_604,4,604,1763371658407,1763371680544,22137
4_718,4,718,1763370883852,1763370900994,17142
4_913,4,913,1763370326458,,
4_965,4,965,1763369195500,1763369216632,21132
500_604,500,604,1763373200952,1763373223090,22138
50_153,50,153,1763370058388,1763370080624,22236
50_271,50,271,1763373511839,1763373533860,22021
50_308,50,308,1763369903129,1763369925389,22260
50_317,50,317,1763373356586,1763373378795,22209
50_604,50,604,1763371802769,1763371824859,22090
50_718,50,718,1763371021819,1763371043821,22002
51_153,51,153,1763370062098,1763370083231,21133
51_271,51,271,1763373515555,1763373536978,21423
51_604,51,604,1763371806477,1763371828073,21596
51_718,51,718,1763371025528,1763371046939,21411
52_153,52,153,1763370064593,1763370086440,21847
52_271,52,271,1763373518059,1763373540099,22040
52_604,52,604,1763371808973,1763371831214,22241
52_718,52,718,1763371028035,1763371050069,22034
53_153,53,153,1763370068306,1763370090159,21853
53_271,53,271,1763373521763,1763373543217,21454
53_604,53,604,1763371812688,1763371834331,21643
53_718,53,718,1763371031742,1763371053186,21444
54_153,54,153,1763370070808,1763370093276,22468
54_271,54,271,1763373524306,1763373546333,22027
54_604,54,604,1763371815296,1763371837454,22158
54_718,54,718,1763371034240,1763371056305,22065
55_153,55,153,1763370074520,1763370095892,21372
55_271,55,271,1763373527975,1763373549448,21473
55_604,55,604,1763371819001,1763371840572,21571
55_718,55,718,1763371037954,1763371059426,21472
56_153,56,153,1763370077024,1763370099010,21986
56_271,56,271,1763373530474,1763373552566,22092
56_604,56,604,1763371821505,1763371843689,22184
56_718,56,718,1763371040451,1763371062548,22097
57_153,57,153,1763370080721,1763370102128,21407
57_271,57,271,1763373534186,1763373555682,21496
57_604,57,604,1763371825222,1763371846807,21585
57_718,57,718,1763371044156,1763371065666,21510
58_153,58,153,1763370083227,1763370105243,22016
58_271,58,271,1763373536692,1763373558802,22110
58_604,58,604,1763371827719,1763371849926,22207
58_718,58,718,1763371046660,1763371068784,22124
59_153,59,153,1763370086942,1763370108366,21424
59_271,59,271,1763373540404,1763373561923,21519
59_604,59,604,1763371831433,1763371853043,21610
59_718,59,718,1763371050365,1763371071902,21537
5_153,5,153,1763369919252,1763369940628,21376
5_271,5,271,1763373372730,1763373393974,21244
5_308,5,308,1763369766793,1763369785272,18479
5_317,5,317,1763373217085,1763373238666,21581
5_604,5,604,1763371662101,1763371683664,21563
5_718,5,718,1763370885548,1763370904117,18569
5_913,5,913,1763370328022,1763370883943,555921
5_965,5,965,1763369198094,1763369219221,21127
60_153,60,153,1763370089443,1763370111177,21734
60_271,60,271,1763373542903,1763373565056,22153
60_604,60,604,1763371833942,1763371856162,22220
60_718,60,718,1763371052859,1763371075019,22160
61_153,61,153,1763370093147,1763370114389,21242
61_271,61,271,1763373546620,1763373568171,21551
61_604,61,604,1763371837640,1763371858771,21131
61_718,61,718,1763371056572,1763371078137,21565
62_153,62,153,1763370095649,1763370118110,22461
62_271,62,271,1763373549113,1763373570947,21834
62_604,62,604,1763371840150,1763371861988,21838
62_718,62,718,1763371059078,1763371081257,22179
63_153,63,153,1763370099356,1763370121224,21868
63_271,63,271,1763373552820,1763373574320,21500
63_604,63,604,1763371843857,1763371865710,21853
63_718,63,718,1763371062779,1763371084375,21596
64_153,64,153,1763370101860,1763370123736,21876
64_271,64,271,1763373555327,1763373578057,22730
64_604,64,604,1763371846346,1763371868828,22482
64_718,64,718,1763371065281,1763371087496,22215
65_153,65,153,1763370105568,1763370126952,21384
65_271,65,271,1763373559036,1763373580567,21531
65_604,65,604,1763371850064,1763371871443,21379
65_718,65,718,1763371068989,1763371090616,21627
66_153,66,153,1763370108066,1763370130675,22609
66_271,66,271,1763373561547,1763373584285,22738
66_604,66,604,1763371852568,1763371874559,21991
66_718,66,718,1763371071493,1763371093231,21738
67_153,67,153,1763370111781,1763370133191,21410
67_271,67,271,1763373565246,1763373587017,21771
67_604,67,604,1763371856272,1763371877678,21406
67_718,67,718,1763371075202,1763371096445,21243
68_153,68,153,1763370114278,1763370136407,22129
68_271,68,271,1763373567771,1763373590131,22360
68_604,68,604,1763371858770,1763371880794,22024
68_718,68,718,1763371077714,1763371100169,22455
69_153,69,153,1763370117981,1763370139530,21549
69_271,69,271,1763373571571,1763373592744,21173
69_604,69,604,1763371862484,1763371883920,21436
69_718,69,718,1763371081417,1763371102684,21267
6_153,6,153,1763369921745,1763369943752,22007
6_271,6,271,1763373375229,1763373397088,21859
6_308,6,308,1763369769013,1763369788391,19378
6_317,6,317,1763373219584,1763373241782,22198
6_604,6,604,1763371664599,1763371686782,22183
6_718,6,718,1763370887777,1763370907237,19460
6_913,6,913,1763370330714,,
6_965,6,965,1763369200597,1763369222438,21841
70_153,70,153,1763370120481,1763370142645,22164
70_271,70,271,1763373574175,1763373595863,21688
70_604,70,604,1763371864979,1763371887035,22056
70_718,70,718,1763371083918,1763371105903,21985
71_153,71,153,1763370124191,1763370145761,21570
71_271,71,271,1763373577745,1763373599586,21841
71_604,71,604,1763371868692,1763371890149,21457
71_718,71,718,1763371087642,1763371109628,21986
72_153,72,153,1763370126699,1763370148876,22177
72_271,72,271,1763373580198,1763373602702,22504
72_604,72,604,1763371871199,1763371893267,22068
72_718,72,718,1763371090136,1763371112146,22010
73_153,73,153,1763370130398,1763370151997,21599
73_271,73,271,1763373583903,1763373605823,21920
73_604,73,604,1763371874897,1763371896384,21487
73_718,73,718,1763371093833,1763371115265,21432
74_153,74,153,1763370132901,1763370155112,22211
74_271,74,271,1763373586415,1763373608438,22023
74_604,74,604,1763371877403,1763371899501,22098
74_718,74,718,1763371096343,1763371118385,22042
75_153,75,153,1763370136602,1763370158228,21626
75_271,75,271,1763373590125,1763373611553,21428
75_604,75,604,1763371881108,1763371902626,21518
75_718,75,718,1763371100049,1763371121504,21455
76_153,76,153,1763370139102,1763370161346,22244
76_271,76,271,1763373592618,1763373614671,22053
76_604,76,604,1763371883611,1763371905741,22130
76_718,76,718,1763371102549,1763371124623,22074
77_153,77,153,1763370142811,1763370164464,21653
77_271,77,271,1763373596332,1763373617790,21458
77_604,77,604,1763371887321,1763371908859,21538
77_718,77,718,1763371106251,1763371127743,21492
78_153,78,153,1763370145318,1763370167055,21737
78_271,78,271,1763373598837,1763373620908,22071
78_604,78,604,1763371889819,1763371911982,22163
78_718,78,718,1763371108763,1763371130878,22115
79_153,79,153,1763370149025,1763370170262,21237
79_271,79,271,1763373602545,1763373624025,21480
79_604,79,604,1763371893531,1763371915101,21570
79_718,79,718,1763371112462,1763371133997,21535
7_153,7,153,1763369925460,1763369946871,21411
7_271,7,271,1763373378937,1763373400809,21872
7_308,7,308,1763369771497,1763369792116,20619
7_317,7,317,1763373223294,1763373244899,21605
7_604,7,604,1763371668313,1763371689895,21582
7_718,7,718,1763370890213,1763370910359,20146
7_913,7,913,1763370331930,,
80_153,80,153,1763370151534,1763370173980,22446
80_271,80,271,1763373605046,1763373627141,22095
80_604,80,604,1763371896030,1763371918221,22191
80_718,80,718,1763371114969,1763371137114,22145
81_153,81,153,1763370155241,1763370177100,21859
81_271,81,271,1763373608755,1763373630260,21505
81_604,81,604,1763371899737,1763371921338,21601
81_718,81,718,1763371118669,1763371140232,21563
82_153,82,153,1763370157741,1763370179709,21968
82_271,82,271,1763373611261,1763373633376,22115
82_604,82,604,1763371902238,1763371924456,22218
82_718,82,718,1763371121187,1763371143350,22163
83_153,83,153,1763370161447,1763370182832,21385
83_271,83,271,1763373614966,1763373636492,21526
83_604,83,604,1763371905951,1763371927072,21121
83_718,83,718,1763371124880,1763371146470,21590
84_153,84,153,1763370163945,1763370185945,22000
84_271,84,271,1763373617468,1763373639609,22141
84_604,84,604,1763371908447,1763371930279,21832
84_718,84,718,1763371127381,1763371149115,21734
85_153,85,153,1763370167655,1763370189061,21406
85_271,85,271,1763373621173,1763373642724,21551
85_604,85,604,1763371912146,1763371933400,21254
85_718,85,718,1763371131089,1763371152324,21235
86_153,86,153,1763370170160,1763370192179,22019
86_271,86,271,1763373623671,1763373645838,22167
86_604,86,604,1763371914652,1763371937118,22466
86_718,86,718,1763371133585,1763371156063,22478
87_153,87,153,1763370173872,1763370195310,21438
87_271,87,271,1763373627379,1763373648957,21578
87_604,87,604,1763371918362,1763371940245,21883
87_718,87,718,1763371137299,1763371159179,21880
88_153,88,153,1763370176367,1763370198427,22060
88_271,88,271,1763373629887,1763373652074,22187
88_604,88,604,1763371920860,1763371942859,21999
88_718,88,718,1763371139804,1763371161799,21995
89_153,89,153,1763370180083,1763370201562,21479
89_271,89,271,1763373633592,1763373655189,21597
89_604,89,604,1763371924572,1763371945973,21401
89_718,89,718,1763371143513,1763371164916,21403
8_153,8,153,1763369927961,1763369949989,22028
8_271,8,271,1763373381433,1763373403925,22492
8_308,8,308,1763369773712,1763369794632,20920
8_317,8,317,1763373225786,1763373248020,22234
8_604,8,604,1763371670812,1763371693009,22197
8_718,8,718,1763370892423,1763370913478,21055
8_913,8,913,1763370361787,,
90_153,90,153,1763370182592,1763370205515,22923
90_271,90,271,1763373636097,1763373658308,22211
90_604,90,604,1763371927085,1763371949096,22011
90_718,90,718,1763371146010,1763371168064,22054
91_153,91,153,1763370186283,1763370208699,22416
91_271,91,271,1763373639806,1763373661424,21618
91_604,91,604,1763371930772,1763371952214,21442
91_718,91,718,1763371149721,1763371171203,21482
92_153,92,153,1763370188788,1763370211814,23026
92_271,92,271,1763373642307,1763373664059,21752
92_604,92,604,1763371933275,1763371955336,22061
92_718,92,718,1763371152220,1763371174360,22140
93_153,93,153,1763370192528,1763370214421,21893
93_271,93,271,1763373646020,1763373667262,21242
93_604,93,604,1763371936991,1763371958452,21461
93_718,93,718,1763371155942,1763371177521,21579
94_153,94,153,1763370195191,1763370217630,22439
94_271,94,271,1763373648528,1763373670983,22455
94_604,94,604,1763371939547,1763371961567,22020
94_718,94,718,1763371158864,1763371180715,21851
95_153,95,153,1763370198105,1763370318813,120708
95_271,95,271,1763373652232,1763373674098,21866
95_604,95,604,1763371943264,1763371964684,21420
95_718,95,718,1763371161546,1763371184477,22931
96_153,96,153,1763370202638,,
96_271,96,271,1763373654728,1763373676612,21884
96_604,96,604,1763371945708,1763371967799,22091
96_718,96,718,1763371165315,1763371187599,22284
97_153,97,153,1763370205181,,
97_271,97,271,1763373658442,1763373679829,21387
97_604,97,604,1763371949534,1763371970915,21381
97_718,97,718,1763371167890,1763371190208,22318
98_153,98,153,1763370208812,1763370338962,130150
98_271,98,271,1763373660951,1763373683559,22608
98_604,98,604,1763371952010,1763371974036,22026
98_718,98,718,1763371171574,1763371193329,21755
99_153,99,153,1763370211315,,
99_271,99,271,1763373664657,1763373686071,21414
99_604,99,604,1763371955637,1763371977153,21516
99_718,99,718,1763371174055,1763371197051,22996
9_153,9,153,1763369931673,1763369953104,21431
9_271,9,271,1763373385183,1763373406437,21254
9_308,9,308,1763369776398,1763369797848,21450
9_317,9,317,1763373229504,1763373251169,21665
9_604,9,604,1763371674522,1763371696124,21602
9_718,9,718,1763370895125,1763370916597,21472
